{
    "JOB_SEEKER_REGISTRATION": {
        "EMAIL_ID_AVAILABLE_TO_USE": "Email Available to Use",
        "EMAIL_ID_ALREADY_REGISTERED": "Email Id is already registered with us",
        "PLEASE_ENTER_VALID_EMAIL":"Plase Enter Valid Email Address",
        "PLEASE_ENTER_EMAIL":"Plase Enter Email Address",
        "OTP_SEND": "OTP send successfully",
        "ENTER_VALID_NUMBER":"Please Enter Valid Number",
        "ERROR_OTP_SEND": "Error while sending OTP",
        "VALID_OTP": "OTP validated successfully",
        "EXPIRED_OTP":"Your OTP has expired, please click on Resend OTP to request for the new OTP",
        "INVALID_OTP": "Entered OTP is invalid, please enter it again",
        "VALID_AADHAR": "Aadhar successfully validated",
        "INVALID_AADHAR": "Uploaded Aadhar is unable to process due to some technical error, please upload it again",
        "GET_QUALIFICATION_SUCCESS": "successful",
        "GET_QUALIFICATION_ERROR": "Error while getting Qualifications",
        "GET_MAJORS_SUCCESS": "successful",
        "GET_MAJORS_ERROR": "Error while getting Majors",
        "GET_UNIVERSITY_SUCCESS": "successful",
        "GET_UNIVERSITY_ERROR": "Error while getting University",
        "GET_INSTITUTES_SUCCESS": "successful",
        "GET_INSTITUTES_ERROR": "Error while getting Institutes",
        "GET_SKILL_SET_SUCCESS": "successful",
        "GET_SKILL_SET_ERROR": "Error while getting skill sets",
        "GET_DESIGNATION_SUCCESS": "successful",
        "GET_DESIGNATION_ERROR": "Error while getting Designation",
        "GET_COMPANY_NAME_SUCCESS": "successful",
        "GET_COMPANY_NAME_ERROR": "Error while getting Company Name",
        "GET_CITY_SUCCESS": "successful",
        "GET_CITY_ERROR": "Error while getting City",
        "GET_STATE_SUCCESS": "successful",
        "GET_STATE_ERROR": "Error while getting State",
        "GET_COUNTRY_SUCCESS": "successful",
        "GET_COUNTRY_ERROR": "Error while getting Country",
        "REGISTER_SUCCESS": "Your Shenzyn profile has been created. Email verification link has been sent to your mail. Please check and verify your email through the given link",
        "REGISTER_ERROR": "Error while Registering"
    },
    "JOB_SEEKER_LOGIN":{
        "LOGIN_SUCCESS": "login successful",
        "LOGIN_ERROR":"Please enter correct credentials",
        "LOGIN_FIELDS_MISSING":"Please provide Email ID and Password",
        "LOGIN_REFRESH_TOKEN_EXPIRED":"Your session has expired please login again",
        "LOGIN_EMAIL_ID_PASSWORD_WRONG":"Please enter correct credentials",
        "LOGIN_EMAIL_ID_NOT_VERIFIED":"Your email is not verified, please check your mail and verify it to login",
        "OTP_SENT_TO_EMAIL":"OTP has been sent to your registered Email ID (Please check your spam folder also) ",
        "FORGOT_PASSWORD_EMAIL_IS_NOT_REGISTERED":"Email is not registered with us",
        "FORGOT_PASSWORD_FIELDS_MISSING":"Please provide Email ID",
        "NEW_PASSWORD_UPDATED_SUCCESSFULLY":"Password changed successfully!",
        "NEW_PASSWORD_ERROR":"Error While saving new password",
        "EMAIL_OTP_SUCCESS": "OTP validated successfully",
        "EMAIL_OTP_EXPIRE": "Enter a valid OTP",
        "OTP_IS_WRONG":"Enter a valid OTP",
        "OTP_FIELDS_MISSING":"Enter a OTP",
        "PASSWORD_IS_NOT_MATCHING_STANDARDS":"Password Should Contain At Least One Alphabet And One Digit, And Should Be 8-20 Characters Long",
        "NEW_PASSWORD_FIELDS_IS_MISSING":"Password field cannot be left blank",
        "NEW_PASSWORD_TOKEN_EXPIRED":"Your updatation password time is expired",
        "UNKNOWN_ERROR":"Something went wrong try again"
    },
    "EMPLOYER_REGISTRATION":{
        "EMAIL_ID_AVAILABLE_TO_USE": "Email Available to Use",
        "EMAIL_VERIFICATION_FIELD_IS_MISSING":"Email ID is required to check database",
        "EMAIL_ID_ALREADY_REGISTERED": "Email Id is already registered with us",
        "JOIN_RECRUITER_SUCCESS":"Your Shenzyn profile has been created. Email verification link has been sent to your mail. Please check and verify your email through the given link",
        "JOIN_RECRUITER_ERROR":"Error while Joining"
    },
    "EMPLOYER_LOGIN":{
        "LOGIN_SUCCESS": "login successful",
        "LOGIN_ERROR":"Please enter correct credentials",
        "LOGIN_FIELDS_MISSING":"Please provide Email ID and Password",
        "LOGIN_REFRESH_TOKEN_EXPIRED":"Your session has expired please login again",
        "LOGIN_EMAIL_ID_PASSWORD_WRONG":"Please enter correct credentials",
        "LOGIN_EMAIL_ID_NOT_VERIFIED":"Your email is not verified, please check your mail and verify it to login",
        "OTP_SENT_TO_EMAIL":"OTP has been sent to your registered Email ID (Please check your spam folder also) ",
        "FORGOT_PASSWORD_EMAIL_IS_NOT_REGISTERED":"Please enter correct credentials",
        "Linkedin_EMAIL_ID_NOT_EXIST":"Please Login with other options for us Email ID is required",
        "FORGOT_PASSWORD_FIELDS_MISSING":"Please provide Email ID",
        "NEW_PASSWORD_UPDATED_SUCCESSFULLY":"Password changed successfully!",
        "NEW_PASSWORD_ERROR":"Error While saving new password",
        "EMAIL_OTP_SUCCESS": "OTP validated successfully",
        "EMAIL_OTP_EXPIRE": "Enter a valid OTP",
        "OTP_IS_WRONG":"Enter a valid OTP",
        "OTP_FIELDS_MISSING":"Enter a OTP",
        "PASSWORD_IS_NOT_MATCHING_STANDARDS":"Password Should Contain At Least One Alphabet And One Digit, And Should Be 8-20 Characters Long",
        "NEW_PASSWORD_FIELDS_IS_MISSING":"Password field cannot be left blank",
        "NEW_PASSWORD_TOKEN_EXPIRED":"Your updatation password time is expired",
        "UNKNOWN_ERROR":"Something went wrong try again"
    },
    "EMPLOYER_HOMEPAGE":{
        "EMAIL_ID_AVAILABLE_TO_USE": "Email Available to Use",
        "EMAIL_VERIFICATION_FIELD_IS_MISSING":"Email ID is required to check database",
        "EMAIL_ID_ALREADY_REGISTERED_AS_BUSSINESS_EMAIL_ID": "Email Id is already registered with us",
        "UNKNOWN_ERROR":"Something went wrong try again",
        "KNOW_ABOUT_EMPLOYER_SUCCESS":"successful",
        "KNOW_ABOUT_EMPLOYER_ERROR":"error while storing know about employer",
        "OTP_SEND": "OTP send successfully",
        "ENTER_VALID_EMAIL_OR_NUMBER":"Enter credentials doesn't match",
        "ENTER_VALID_NUMBER":"Please enter valid number",
        "ERROR_OTP_SEND":"Error while sending otp",
        "VALID_OTP": "OTP validated successfully",
        "EXPIRED_OTP":"Your OTP has expired, please click on Resend OTP to request for the new OTP",
        "INVALID_OTP": "Entered OTP is invalid, please enter it again",
        "VERIFY_OTP_ERROR":"error",
        "BASIC_PROFILE_SUCCESS":"success",
        "UPDATE_PROFILE_SUCCESS":"Success",
        "UPDATE_PROFILE_ERROR":"Error",
        "EXCEED_LENGTH":"Length Exceed",
        "URL_ALLREADY_EXIST":"url already exist",
        "GET_URL_SUCCESS":"Sucess",
        "GET_URL_ERROR":"error",
        "CUSTOMISE_URL_SUCCESS":"Success",
        "CUSTOMISE_URL_ERROR":"error",
        "PROFILE_HEADLINE_SUCCESS":"Success",
        "PROFILE_HEADLINE_ERROR":"error",
        "GET_INDUSTRIES_ERROR":"error",
        "GET_INDUSTRIES_SUCCESS":"Success",
        "GET_FUNCTIONAL_AREAS_SUCCESS":"success",
        "GET_FUNCTIONAL_AREAS_ERROR":"error",
        "GET_LEVEL_ONE_HIRE_ERROR":"error",
        "GET_LEVEL_ONE_HIRE_SUCCESS":"success",
        "GET_CONTACT_SUCCESS":"Success",
        "GET_CONTACT_ERROR":"Error",
        "UPDATE_CONTACT_DETAILS_SUCCESS":"Success",
        "UPDATE_CONTACT_DETAILS_ERROR":"Error" ,
        "GET_WORK_EXPERIENCE_SUCCESS":"Success",
        "GET_WORK_EXPERIENCE_ERROR":"Error" ,
        "ADD_WORK_EXPERIENCE_SUCCESS":"Success",
        "ADD_WORK_EXPERIENCE_ERROR":"Error" ,
        "UPDATE_WORK_EXPERIENCE_SUCCESS":"Success",
        "UPDATE_WORK_EXPERIENCE_ERROR":"Error" ,
        "DELETE_WORK_EXPERIENCE_SUCCESS":"Success",
        "DELETE_WORK_EXPERIENCE_ERROR":"Error" ,
        "GET_DOCUMENT_SUCCESS":"Success",
        "GET_DOCUMENT_ERROR":"Error" ,
        "DELETE_DOCUMENT_SUCCESS":"Success",
        "DELETE_DOCUMENT_ERROR":"Error" ,
        "UPLOAD_DOCUMENT_SUCCESS":"Success",
        "UPLOAD_DOCUMENT_ERROR":"Error",
        "CONTACT_DETAILS_EMAIL_OTP_SUCCESS":"success",
        "CONTACT_DETAILS_EMAIL_OTP_ERROR":"error",
        "EMAIL_OTP_SUCCESS": "OTP validated successfully",
        "EMAIL_OTP_EXPIRE": "Your OTP has expired, please click on Resend OTP to request for the new OTP",
        "OTP_IS_WRONG":"Entered OTP is invalid, please enter it again",
        "OTP_FIELDS_MISSING":"Enter a OTP" ,
        "HIRE_DETAILS_UPDATED_SUCCESS": "Updated Successfully",
        "HIRE_DETAILS_KEYS_MISSING": "Request params missing",
        "GET_HIRE_DETAILS_SUCCESS": "Successfully retrieved",
        "PAN_ID_NOT_SENT": "PAN number is not provided",
        "PAN_ALREADY_EXIST": "This PAN is already submitted with us "
    },
    "EMPLOYER_POST_JOBS": {
        "CURRET_SIMILLER_TO_PREVIOUS_SUCCESS": "success",
        "CURRET_SIMILLER_TO_PREVIOUS_ERROR": "error",
        "POPULATE_DETAILS_SUCCESS": "success",
        "POPULATE_DETAILS_ERROR": "error",
        "GET_CURRENCY_SUCCESS": "success",
        "GET_CURRENCY_ERROR": "error",
        "GET_QUALIFICATION_SUCCESS": "success",
        "GET_QUALIFICATION_ERROR": "error",
        "GET_PHD_QUALIFICATION_SUCCESS": "success",
        "GET_PHD_QUALIFICATION_ERROR": "error",
        "GET_SPECIALIZATION_SUCCESS": "success",
        "GET_SPECIALIZATION_ERROR": "error",
        "GET_QUESTIONNAIRE_SUCCESS": "success",
        "GET_QUESTIONNAIRE_ERROR": "error",
        "GET_QUESTIONNAIRE_NAMES_SUCCESS": "success",
        "GET_QUESTIONNAIRE_NAMES_ERROR": "error",
        "CREATE_QUESTIONNAIRE_SUCCESS": "success",
        "EDIT_QUESTIONNAIRE_SUCCESS": "success",
        "DELETE_QUESTIONNAIRE_SUCCESS": "success",
        "DELETE_QUESTIONNAIRE_ERROR": "error",
        "GET_EXISTING_EMAILS_SUCCESS": "success",
        "POST_JOBS_SUCCESS": "success",
        "POST_JOBS_ERROR": "error",
        "GET_ADVERTISE_SUCCESS": "success",
        "GET_ADVERTISE_ERROR": "error",
        "SEARCH_ADVERTISE_SUCCESS": "success",
        "DELETE_ADVERTISE_SUCCESS": "success",
        "DELETE_ADVERTISE_ERROR": "error",
        "CREATE_ADVERTISE_SUCCESS": "success",
        "CREATE_ADVERTISE_ERROR": "error",
        "UPDATE_ADVERTISE_SUCCESS": "success",
        "UPDATE_ADVERTISE_ERROR": "error",
        "GET_ORGANISATION_SUCCESS": "success",
        "GET_ORGANISATION_ERROR": "error",
        "EMAIL_IS_REGISTER_WITH_US":"Email Id is already registered with us",
        "UPDATE_PROFILE_EXCEED_FILE_SIZE": "The maximum file size that can be uploaded is 2 MB"
    },
    "ACCOUNT_SETTINGS" : {
        "USER_COUNT_CONFLICT" : "There seems a problem in User count",
        "EMAIL_CHANGE_SUCCESS" : "The Email is changed Successfully!",
        "EMPTY_CURRENT_PASSWORD" : "Please enter current password to verify!",
        "EMPTY_NEW_PASSWORD" : "Kindly enter a new password!",
        "EMPTY_CONFIRM_PASSWORD" : "Kindly enter the password again!",
        "REENTERED_PASSWORD_MISMATCH" : "Entered passwords doesn’t match, Please enter it again!",
        "PASSWORD_REUSE_ERROR" : "Password must differ from old password",
        "PASSWORD_INVALID" : "New password is Invalid!",
        "PASSWORD_INCORRECT" : "Entered password is Incorrect!",
        "PASSWORD_CHANGE_SUCCESS" : "The password is changed Successfully!",
        "ACCOUNT_SUSPENDED_WARNING" : "This account is already suspended!",
        "ACCOUNT_DELETED_WARNING" : "Can't change status of deleted account!",
        "ACCOUNT_ACTIVE_WARNING" : "This account is already active!",
        "TIME_FRAME_NOT_PROVIDED" : "Please provide a valid time frame of suspension.",
        "INVALID_ACTION_REQUEST" : "You have passed an invalid action!",
        "ACCOUNT_DELETION_SUCCESS" : "This account has been deleted!",
        "ACCOUNT_SUSPENSION_SUCCESS" : "This account has been suspended!",
        "ACCOUNT_ACTIVATION_SUCCESS" : "The account has been re-activated!",
        "UNAUTHORIZED_REQUEST" : "Unauthorized Request!",
        "SUCCESS" : "Success",
        "EMAIL_IS_REGISTER_WITH_US":"Email Id is already registered with us",
        "EMAIL_OTP_SUCCESS": "OTP validated successfully",
        "EMAIL_OTP_EXPIRE": "Your OTP has expired, please click on Resend OTP to request for the new OTP",
        "CONTACT_DETAILS_EMAIL_OTP_SUCCESS":"success",
        "PLEASE_ENTER_VALID_EMAIL":"Plase Enter Valid Email Address",
        "CONTACT_DETAILS_EMAIL_OTP_ERROR":"error",
        "VALID_OTP": "OTP validated successfully",
        "EXPIRED_OTP":"Your OTP has expired, please click on Resend OTP to request for the new OTP",
        "INVALID_OTP": "Entered OTP is invalid, please enter it again",
        "OTP_IS_WRONG":"Entered OTP is invalid, kindly enter it again",
        "OTP_FIELDS_MISSING":"Enter a OTP",
        "ACCOUNT_NOT_DELETING":"Since, you’re the only admin of your organisation, your account cannot be deleted. You’ll have to grant admin permission to someone before deleting.",
        "ACCOUNT_NOT_SUSPENDING":"Since, you’re the only admin of your organisation, your account cannot be suspended. You’ll have to grant admin permission to someone before suspending."

    },
    "EMPLOYER_INBOX": {
        "INVALID_REQUEST" : "Invalid Request",
        "INVALID_PARAMETERS" : "Please check the parameters passed in the REQUEST",
        "DATE_MIN_MAX_CONFLICT" : "From Date should not be more than To Date",
        "NO_RESULTS" : "Sorry, no results found with your search query",
        "NO_APPLICANTS" : "No applicants for this job",
        "INVALID_DATE_RANGE" : "Kindly select valid date range.",
        "LOCATION_SELECTION_EXCEEDS" : "You can only select up to 4 locations",
        "EXPERIENCE_MIN_MAX_CONFLICT" : "Min experience should be less than Max experience",
        "CTC_MIN_MAX_CONFLICT" : "Min CTC should be less than Max CTC",
        "EXPERIENCE_NOT_IN_RANGE" : "Range must be between 0.1 to 50",
        "SALARY_NOT_IN_RANGE" : "Range must be between 0.1 to 100",
        "SUCCESS" : "Success"
    },
    "SUB_USER":{
        "DATA_ADDED":"Data Added",
        "SUB_USER_SUSPENDED_BUT_ADDING": "The  subuser you are trying to add is suspended, kindly reactivate.",
        "SUB_USER_ALREADY_THERE" : "The  subuser you are trying to add already exists in the system.",
        "SUB_USER_ALREADY_THERE_IN_OTHER_SYSTEM":"The Subuser you are trying to add already belongs to some other organisation",
        "SUB_USER_UPDATED_SUCCESSFULLY": "Sub user updated successfully",
        "CORRECT_STATUS":"Please enter correct sub user status",
        "SUB_USER_FOUND":"sub employer found",
        "DATA_NOT_FOUND":"data not found",
        "SUB_USER_ALREADY_DELETED":"The  subuser you are trying to add is deleted, kindly confirm if you want to add them again.",
        "PERMISSION_NOT_FOUND":"Permission not Found",
        "BUSINESS_EMAIL_NOT_VERIFIED":"This Business Email doesn’t exist in the system, kindly ask the sub user to create an account and verify their Email ID",
        "BUSINESS_EMAIL_DONT_EXIST":"This Business Email doesn’t exist in the system, kindly ask the sub user to create an account and verify their Email ID",
        "SUCCESS":"Success"
    },
    "JOB_LISTING":{
        "GET_DESIGNATION_SKILL_COMPANY_SUCCESS": "success",
        "GET_DESIGNATION_SKILL_COMPANY_ERROR": "error",
        "SEARCH_JOBS_SUCCESS": "success",
        "PREVIEW_SUCCESS": "success",
        "PREVIEW_JOB_ERROR": "error",
        "SAVE_JOB_SUCCESS": "success",
        "SAVE_JOB_ERROR": "error",
        "GET_SAVE_JOB_SUCCESS": "success",
        "GET_SAVE_JOB_ERROR": "error",
        "QUICK_JOBS_SUCCESS": "success",
        "QUICK_JOBS_ERROR": "error",
        "GET_QUICK_JOBS_SUCCESS": "success",
        "GET_QUICK_JOBS_ERROR": "error"
    },
    "INVALID_REQUEST" : "Invalid Request",
    "UPDATE_PROFILE_EXCEED_FILE_SIZE": "The maximum file size that can be uploaded is 2 MB",
    "EMAIL_IS_REGISTER_WITH_US":"Email Id is already registered with us"
}
   
