{"web":{"client_id":"823309588822-4r15dc7q7mmmhefq6b90g5p9o2i8raoo.apps.googleusercontent.com","project_id":"pinkjobs","auth_uri":"https://accounts.google.com/o/oauth2/auth","token_uri":"https://oauth2.googleapis.com/token","auth_provider_x509_cert_url":"https://www.googleapis.com/oauth2/v1/certs","client_secret":"WVq4WHvYHV6y03UcREuqFD7C","redirect_uris":["http://127.0.0.1:8000/pinkjob/employer-login/gmail/oauth2callback","https://dev.shenzyn.com/pinkjob/employer-login/gmail/oauth2callback","https://test.shenzyn.com/pinkjob/employer-login/gmail/oauth2callback"],"javascript_origins":["https://dev.shenzyn.com","http://127.0.0.1:8000","https://test.shenzyn.com","http://localhost:8000"]}}